{
    "1": {
        "areaID": 1,
        "totalExp": 273
    },
    "2": {
        "areaID": 2,
        "totalExp": 146
    },
    "3": {
        "areaID": 3,
        "totalExp": 218
    },
    "4": {
        "areaID": 4,
        "totalExp": 211
    },
    "5": {
        "areaID": 5,
        "totalExp": 450
    },
    "6": {
        "areaID": 6,
        "totalExp": 571
    },
    "7": {
        "areaID": 7,
        "totalExp": 274
    },
    "8": {
        "areaID": 8,
        "totalExp": 185
    },
    "9": {
        "areaID": 9,
        "totalExp": 286
    },
    "10": {
        "areaID": 10,
        "totalExp": 470
    },
    "11": {
        "areaID": 11,
        "totalExp": 333,
        "BPLGBJFCNPC": 0.23000000417232513
    },
    "12": {
        "areaID": 12,
        "totalExp": 247,
        "BPLGBJFCNPC": 0.17000000178813934
    },
    "13": {
        "areaID": 13,
        "totalExp": 199,
        "BPLGBJFCNPC": 0.14000000059604645
    },
    "14": {
        "areaID": 14,
        "totalExp": 258,
        "BPLGBJFCNPC": 0.18000000715255737
    },
    "17": {
        "areaID": 17,
        "totalExp": 196,
        "BPLGBJFCNPC": 0.11999999731779099
    },
    "18": {
        "areaID": 18,
        "totalExp": 308,
        "BPLGBJFCNPC": 0.1599999964237213
    },
    "200": {
        "areaID": 200,
        "totalExp": 306
    },
    "19": {
        "areaID": 19,
        "totalExp": 113
    },
    "300": {
        "areaID": 300,
        "totalExp": 463
    },
    "20": {
        "areaID": 20,
        "totalExp": 1625,
        "BPLGBJFCNPC": 0.07000000029802322
    },
    "21": {
        "areaID": 21,
        "totalExp": 2391,
        "BPLGBJFCNPC": 0.10000000149011612
    },
    "22": {
        "areaID": 22,
        "totalExp": 1426,
        "BPLGBJFCNPC": 0.05000000074505806
    },
    "23": {
        "areaID": 23,
        "totalExp": 3294,
        "BPLGBJFCNPC": 0.10999999940395355
    },
    "24": {
        "areaID": 24,
        "totalExp": 1544,
        "BPLGBJFCNPC": 0.07000000029802322
    },
    "25": {
        "areaID": 25,
        "totalExp": 248,
        "BPLGBJFCNPC": 0.009999999776482582
    },
    "29": {
        "areaID": 29,
        "totalExp": 332,
        "BPLGBJFCNPC": 0.019999999552965164
    }
}