{
    "1": {
        "ID": 1,
        "coordX": 0.3659999966621399,
        "coordY": 0.3089999854564667
    },
    "2": {
        "ID": 2,
        "coordX": 0.328000009059906,
        "coordY": 0.7710000276565552
    },
    "3": {
        "ID": 3,
        "coordX": 0.5929999947547913,
        "coordY": 0.7919999957084656
    },
    "4": {
        "ID": 4,
        "coordX": 0.6338940262794495,
        "coordY": 0.19063700735569
    },
    "5": {
        "ID": 5,
        "coordX": 0.8206160068511963,
        "coordY": 0.5827779769897461
    },
    "6": {
        "ID": 6,
        "coordX": 0.25276800990104675,
        "coordY": 0.577210009098053
    },
    "7": {
        "ID": 7,
        "coordX": 0.2460000067949295,
        "coordY": 0.23999999463558197
    },
    "8": {
        "ID": 8,
        "coordX": 0.2460000067949295,
        "coordY": 0.699999988079071
    },
    "9": {
        "ID": 9,
        "coordX": 0.8050000071525574,
        "coordY": 0.4390000104904175
    },
    "10": {
        "ID": 10,
        "coordX": 0.32942500710487366,
        "coordY": 0.5989999771118164
    },
    "11": {
        "ID": 11,
        "coordX": 0.46889400482177734,
        "coordY": 0.7962120175361633
    },
    "12": {
        "ID": 12,
        "coordX": 0.6117879748344421,
        "coordY": 0.4315750002861023
    },
    "13": {
        "ID": 13,
        "coordX": 0.47242501378059387,
        "coordY": 0.152211993932724
    },
    "14": {
        "ID": 14,
        "coordX": 0.3659999966621399,
        "coordY": 0.3089999854564667
    },
    "15": {
        "ID": 15,
        "coordX": 0.328000009059906,
        "coordY": 0.7710000276565552
    },
    "16": {
        "ID": 16,
        "coordX": 0.5929999947547913,
        "coordY": 0.7919999957084656
    },
    "17": {
        "ID": 17,
        "coordX": 0.6338940262794495,
        "coordY": 0.19063700735569
    },
    "18": {
        "ID": 18,
        "coordX": 0.8206160068511963,
        "coordY": 0.5827779769897461
    },
    "19": {
        "ID": 19,
        "coordX": 0.25276800990104675,
        "coordY": 0.577210009098053
    },
    "20": {
        "ID": 20,
        "coordX": 0.2460000067949295,
        "coordY": 0.23999999463558197
    },
    "21": {
        "ID": 21,
        "coordX": 0.2460000067949295,
        "coordY": 0.699999988079071
    },
    "22": {
        "ID": 22,
        "coordX": 0.8050000071525574,
        "coordY": 0.4390000104904175
    },
    "23": {
        "ID": 23,
        "coordX": 0.32942500710487366,
        "coordY": 0.5989999771118164
    },
    "24": {
        "ID": 24,
        "coordX": 0.46889400482177734,
        "coordY": 0.7962120175361633
    },
    "25": {
        "ID": 25,
        "coordX": 0.6117879748344421,
        "coordY": 0.4315750002861023
    },
    "26": {
        "ID": 26,
        "coordX": 0.47242501378059387,
        "coordY": 0.152211993932724
    },
    "27": {
        "ID": 27,
        "coordX": 0.28320300579071045,
        "coordY": 0.6682119965553284
    },
    "28": {
        "ID": 28,
        "coordX": 0.28320300579071045,
        "coordY": 0.3364250063896179
    },
    "29": {
        "ID": 29,
        "coordX": 0.7766370177268982,
        "coordY": 0.6682119965553284
    },
    "30": {
        "ID": 30,
        "coordX": 0.43470001220703125,
        "coordY": 0.7379999756813049
    },
    "31": {
        "ID": 31,
        "coordX": 0.43470001220703125,
        "coordY": 0.5835999846458435
    },
    "32": {
        "ID": 32,
        "coordX": 0.43470001220703125,
        "coordY": 0.5390999913215637
    },
    "33": {
        "ID": 33,
        "coordX": 0.5716999769210815,
        "coordY": 0.6669999957084656
    },
    "34": {
        "ID": 34,
        "coordX": 0.5516999959945679,
        "coordY": 0.4235999882221222
    },
    "35": {
        "ID": 35,
        "coordX": 0.5516899824142456,
        "coordY": 0.35126999020576477
    },
    "36": {
        "ID": 36,
        "coordX": 0.8221060037612915,
        "coordY": 0.47142499685287476
    },
    "37": {
        "ID": 37,
        "coordX": 0.24421200156211853,
        "coordY": 0.19542500376701355
    },
    "38": {
        "ID": 38,
        "coordX": 0.22868099808692932,
        "coordY": 0.47142499685287476
    },
    "39": {
        "ID": 39,
        "coordX": 0.24421200156211853,
        "coordY": 0.758637011051178
    },
    "40": {
        "ID": 40,
        "coordX": 0.49000000953674316,
        "coordY": 0.8477879762649536
    },
    "41": {
        "ID": 41,
        "coordX": 0.6700000166893005,
        "coordY": 0.5600000023841858
    },
    "42": {
        "ID": 42,
        "coordX": 0.7675359845161438,
        "coordY": 0.5447779893875122
    },
    "43": {
        "ID": 43,
        "coordX": 0.6200000047683716,
        "coordY": 0.44999998807907104
    },
    "44": {
        "ID": 44,
        "coordX": 0.6600000262260437,
        "coordY": 0.44999998807907104
    },
    "45": {
        "ID": 45,
        "coordX": 0.49138399958610535,
        "coordY": 0.5827779769897461
    },
    "46": {
        "ID": 46,
        "coordX": 0.4513840079307556,
        "coordY": 0.5827779769897461
    },
    "47": {
        "ID": 47,
        "coordX": 0.41438400745391846,
        "coordY": 0.5827779769897461
    },
    "48": {
        "ID": 48,
        "coordX": 0.3050000071525574,
        "coordY": 0.577210009098053
    },
    "49": {
        "ID": 49,
        "coordX": 0.22868099808692932,
        "coordY": 0.47142499685287476
    },
    "50": {
        "ID": 50,
        "coordX": 0.24421200156211853,
        "coordY": 0.758637011051178
    },
    "51": {
        "ID": 51,
        "coordX": 0.6919999718666077,
        "coordY": 0.42800000309944153
    },
    "52": {
        "ID": 52,
        "coordX": 0.6439999938011169,
        "coordY": 0.5120000243186951
    },
    "53": {
        "ID": 53,
        "coordX": 0.4950000047683716,
        "coordY": 0.46799999475479126
    },
    "54": {
        "ID": 54,
        "coordX": 0.4449999928474426,
        "coordY": 0.5059999823570251
    },
    "55": {
        "ID": 55,
        "coordX": 0.6919999718666077,
        "coordY": 0.5120000243186951
    },
    "56": {
        "ID": 56,
        "coordX": 0.5649999976158142,
        "coordY": 0.6779999732971191
    },
    "57": {
        "ID": 57,
        "coordX": 0.22868099808692932,
        "coordY": 0.47142499685287476
    },
    "58": {
        "ID": 58,
        "coordX": 0.24421200156211853,
        "coordY": 0.758637011051178
    },
    "59": {
        "ID": 59,
        "coordX": 0.22868099808692932,
        "coordY": 0.47142499685287476
    },
    "60": {
        "ID": 60,
        "coordX": 0.24421200156211853,
        "coordY": 0.758637011051178
    },
    "61": {
        "ID": 61,
        "coordX": 0.5879999995231628,
        "coordY": 0.6340000033378601
    },
    "62": {
        "ID": 62,
        "coordX": 0.460999995470047,
        "coordY": 0.6340000033378601
    },
    "63": {
        "ID": 63,
        "coordX": 0.3370000123977661,
        "coordY": 0.4880000054836273
    },
    "64": {
        "ID": 64,
        "coordX": 0.4339999854564667,
        "coordY": 0.3409999907016754
    },
    "65": {
        "ID": 65,
        "coordX": 0.4729999899864197,
        "coordY": 0.3409999907016754
    },
    "66": {
        "ID": 66,
        "coordX": 0.4729999899864197,
        "coordY": 0.5550000071525574
    },
    "67": {
        "ID": 67,
        "coordX": 0.22868099808692932,
        "coordY": 0.47142499685287476
    },
    "68": {
        "ID": 68,
        "coordX": 0.24421200156211853,
        "coordY": 0.758637011051178
    },
    "69": {
        "ID": 69,