{
    "1": {
        "ID": 1,
        "coordX": 0.23836299777030945,
        "coordY": 0.6764249801635742
    },
    "2": {
        "ID": 2,
        "coordX": 0.23836299777030945,
        "coordY": 0.18799999356269836
    },
    "3": {
        "ID": 3,
        "coordX": 0.8040000200271606,
        "coordY": 0.44657498598098755
    },
    "4": {
        "ID": 4,
        "coordX": 0.6338940262794495,
        "coordY": 0.19063700735569
    },
    "5": {
        "ID": 5,
        "coordX": 0.7953190207481384,
        "coordY": 0.5772129893302917
    },
    "6": {
        "ID": 6,
        "coordX": 0.2583189904689789,
        "coordY": 0.5772129893302917
    },
    "7": {
        "ID": 7,
        "coordX": 0.7756999731063843,
        "coordY": 0.3499999940395355
    },
    "8": {
        "ID": 8,
        "coordX": 0.7756999731063843,
        "coordY": 0.6633999943733215
    },
    "9": {
        "ID": 9,
        "coordX": 0.2676370143890381,
        "coordY": 0.49342501163482666
    },
    "10": {
        "ID": 10,
        "coordX": 0.46889400482177734,
        "coordY": 0.7962120175361633
    },
    "11": {
        "ID": 11,
        "coordX": 0.6117879748344421,
        "coordY": 0.4315750002861023
    },
    "12": {
        "ID": 12,
        "coordX": 0.32942500710487366,
        "coordY": 0.5989999771118164
    },
    "13": {
        "ID": 13,
        "coordX": 0.47242501378059387,
        "coordY": 0.152211993932724
    },
    "14": {
        "ID": 14,
        "coordX": 0.8221060037612915,
        "coordY": 0.47142499685287476
    },
    "15": {
        "ID": 15,
        "coordX": 0.22868099808692932,
        "coordY": 0.47142499685287476
    },
    "16": {
        "ID": 16,
        "coordX": 0.24421200156211853,
        "coordY": 0.19542500376701355
    },
    "17": {
        "ID": 17,
        "coordX": 0.24421200156211853,
        "coordY": 0.758637011051178
    },
    "18": {
        "ID": 18,
        "coordX": 0.4880000054836273,
        "coordY": 0.8477879762649536
    },
    "19": {
        "ID": 19,
        "coordX": 0.3496370017528534,
        "coordY": 0.7440000176429749
    },
    "20": {
        "ID": 20,
        "coordX": 0.6104249954223633,
        "coordY": 0.1889999955892563
    },
    "21": {
        "ID": 21,
        "coordX": 0.41289401054382324,
        "coordY": 0.33215099573135376
    },
    "22": {
        "ID": 22,
        "coordX": 0.3330000042915344,
        "coordY": 0.17114999890327454
    },
    "23": {
        "ID": 23,
        "coordX": 0.34853100776672363,
        "coordY": 0.5462120175361633
    },
    "24": {
        "ID": 24,
        "coordX": 0.6165310144424438,
        "coordY": 0.8134250044822693
    },
    "25": {
        "ID": 25,
        "coordX": 0.6184689998626709,
        "coordY": 0.16378800570964813
    },
    "26": {
        "ID": 26,
        "coordX": 0.47810599207878113,
        "coordY": 0.3437879979610443
    },
    "27": {
        "ID": 27,
        "coordX": 0.28320300579071045,
        "coordY": 0.6682119965553284
    },
    "28": {
        "ID": 28,
        "coordX": 0.28320300579071045,
        "coordY": 0.3364250063896179
    },
    "29": {
        "ID": 29,
        "coordX": 0.7766370177268982,
        "coordY": 0.6682119965553284
    },
    "30": {
        "ID": 30,
        "coordX": 0.8476369976997375,
        "coordY": 0.3364250063896179
    },
    "31": {
        "ID": 31,
        "coordX": 0.8221060037612915,
        "coordY": 0.47142499685287476
    },
    "32": {
        "ID": 32,
        "coordX": 0.24421200156211853,
        "coordY": 0.19542500376701355
    },
    "33": {
        "ID": 33,
        "coordX": 0.22868099808692932,
        "coordY": 0.47142499685287476
    },
    "34": {
        "ID": 34,
        "coordX": 0.24421200156211853,
        "coordY": 0.758637011051178
    }
}