{
    "1": {
        "id": 1,
        "JGMOKGMAGOE": 1.0
    },
    "2": {
        "id": 2,
        "NPBLNAEEHEK": 0.30000001192092896,
        "HLODPGAHGFG": 0.30000001192092896,
        "JGMOKGMAGOE": 1.0
    }
}